id,parentId,name,lastName,position,note,boxcolor,title_color,sub_title_color
101,r100,Neena,Kochhar,Administration Vice President,FR,gray,white,white
102,r100,Lex,De Haan,Administration Vice President,40%,red,white,white
103,102,Alexander,Hunold,Programmer,50%,white,black,black
104,103,Bruce,Ernst,Programmer,60%,blue,white,white
105,103,David,Austin,Programmer,70%,red,white,white
106,103,Valli,Pataballa,Programmer,20%,yellow,black,black
107,103,Diana,Lorentz,Programmer,30%,cyan,white,white
108,101,Nancy,Greenberg,Finance Manager,40%,,,
109,108,Daniel,Faviet,Accountant,50%,,,
110,108,John,Chen,Accountant,60%,,,
111,108,Ismael,Sciarra,Accountant,70%,,,
112,108,Jose Manuel,Urman,Accountant,30%,,,
113,108,Luis,Popp,Accountant,40%,,,
114,r100,Den,Raphaely,Purchasing Manager,50%,,,
115,114,Alexander,Khoo,Purchasing Clerk,60%,,,
116,114,Shelli,Baida,Purchasing Clerk,70%,,,
117,114,Sigal,Tobias,Purchasing Clerk,20%,,,
118,114,Guy,Himuro,Purchasing Clerk,30%,,,
119,114,Karen,Colmenares,Purchasing Clerk,40%,,,
120,r100,Matthew,Weiss,Stock Manager,50%,,,
121,r100,Adam,Fripp,Stock Manager,60%,,,
122,r100,Payam,Kaufling,Stock Manager,70%,,,
r100,,Ahmed,Adam,Chief Operating Officer,Eg,gray,white,white
123,r100,Shanta,Vollman,Stock Manager,40%,,,
124,r100,Kevin,Mourgos,Stock Manager,50%,,,
125,120,Julia,Nayer,Stock Clerk,60%,,,
126,120,Irene,Mikkilineni,Stock Clerk,70%,,,
127,120,James,Landry,Stock Clerk,20%,,,
128,120,Steven,Markle,Stock Clerk,30%,,,
129,121,Laura,Bissot,Stock Clerk,40%,,,
130,121,Mozhe,Atkinson,Stock Clerk,50%,,,
131,121,James,Marlow,Stock Clerk,60%,,,
132,121,TJ,Olson,Stock Clerk,70%,,,
133,122,Jason,Mallin,Stock Clerk,30%,,,
134,122,Michael,Rogers,Stock Clerk,40%,,,
135,122,Ki,Gee,Stock Clerk,50%,,,
136,122,Hazel,Philtanker,Stock Clerk,60%,,,
137,123,Renske,Ladwig,Stock Clerk,70%,,,
138,123,Stephen,Stiles,Stock Clerk,20%,,,
139,123,John,Seo,Stock Clerk,30%,,,
140,123,Joshua,Patel,Stock Clerk,40%,,,
141,124,Trenna,Rajs,Stock Clerk,50%,,,
142,124,Curtis,Davies,Stock Clerk,60%,,,
143,124,Randall,Matos,Stock Clerk,70%,,,
144,124,Peter,Vargas,Stock Clerk,30%,,,
145,r100,John,Russell,Sales Manager,40%,,,
146,r100,Karen,Partners,Sales Manager,50%,,,
147,r100,Alberto,Errazuriz,Sales Manager,60%,,,
148,r100,Gerald,Cambrault,Sales Manager,70%,,,
149,r100,Eleni,Zlotkey,Sales Manager,20%,,,
150,145,Peter,Tucker,Sales Representative,30%,,,
151,145,David,Bernstein,Sales Representative,40%,,,
152,145,Peter,Hall,Sales Representative,50%,,,
153,145,Christopher,Olsen,Sales Representative,60%,,,
154,145,Nanette,Cambrault,Sales Representative,70%,,,
155,145,Oliver,Tuvault,Sales Representative,30%,,,
156,146,Janette,King,Sales Representative,40%,,,
157,146,Patrick,Sully,Sales Representative,50%,,,
158,146,Allan,McEwen,Sales Representative,60%,,,
159,146,Lindsey,Smith,Sales Representative,70%,,,
160,146,Louise,Doran,Sales Representative,20%,,,
161,146,Sarath,Sewall,Sales Representative,30%,,,
162,147,Clara,Vishney,Sales Representative,40%,,,
163,147,Danielle,Greene,Sales Representative,50%,,,
164,147,Mattea,Marvins,Sales Representative,60%,,,
165,147,David,Lee,Sales Representative,70%,,,
166,147,Sundar,Ande,Sales Representative,30%,,,
167,147,Amit,Banda,Sales Representative,40%,,,
168,148,Lisa,Ozer,Sales Representative,50%,,,
169,148,Harrison,Bloom,Sales Representative,60%,,,
170,148,Tayler,Fox,Sales Representative,70%,,,
171,148,William,Smith,Sales Representative,20%,,,
172,148,Elizabeth,Bates,Sales Representative,30%,,,
173,148,Sundita,Kumar,Sales Representative,40%,,,
174,149,Ellen,Abel,Sales Representative,50%,,,
175,149,Alyssa,Hutton,Sales Representative,60%,,,
176,149,Jonathon,Taylor,Sales Representative,70%,,,
177,149,Jack,Livingston,Sales Representative,30%,,,
178,149,Kimberely,Grant,Sales Representative,40%,,,
179,149,Charles,Johnson,Sales Representative,50%,,,
180,120,Winston,Taylor,Shipping Clerk,60%,,,
181,120,Jean,Fleaur,Shipping Clerk,70%,,,
182,120,Martha,Sullivan,Shipping Clerk,20%,,,
183,120,Girard,Geoni,Shipping Clerk,30%,,,
184,121,Nandita,Sarchand,Shipping Clerk,40%,,,
185,121,Alexis,Bull,Shipping Clerk,50%,,,
186,121,Julia,Dellinger,Shipping Clerk,60%,,,
187,121,Anthony,Cabrio,Shipping Clerk,70%,,,
188,122,Kelly,Chung,Shipping Clerk,30%,,,
189,122,Jennifer,Dilly,Shipping Clerk,40%,,,
190,122,Timothy,Gates,Shipping Clerk,50%,,,
191,122,Randall,Perkins,Shipping Clerk,60%,,,
192,123,Sarah,Bell,Shipping Clerk,70%,,,
193,123,Britney,Everett,Shipping Clerk,20%,,,
194,123,Samuel,McCain,Shipping Clerk,30%,,,
195,123,Vance,Jones,Shipping Clerk,40%,,,
196,124,Alana,Walsh,Shipping Clerk,50%,,,
197,124,Kevin,Feeney,Shipping Clerk,60%,,,
198,124,Donald,OConnell,Shipping Clerk,70%,,,
199,124,Douglas,Grant,Shipping Clerk,30%,,,
200,101,Jennifer,Whalen,Administration Assistant,40%,,,
201,r100,Michael,Hartstein,Marketing Manager,50%,,,
202,201,Pat,Fay,Marketing Representative,60%,,,
203,101,Susan,Mavris,Human Resources Representative,70%,,,
204,101,Hermann,Baer,Public Relations Representative,20%,,,
205,101,Shelley,Higgins,Accounting Manager,30%,,,
206,205,William,Gietz,Public Accountant,40%,,,
